{"cameraMode":{"drawMode":0,"name":"Shaded","section":"Shading Mode"},"sceneLighting":true,"audioPlay":false,"sceneViewState":{"m_AlwaysRefresh":false,"showFog":true,"showSkybox":true,"showFlares":true,"showImageEffects":true,"showParticleSystems":true,"showVisualEffectGraphs":true,"m_FxEnabled":true},"in2DMode":false,"pivot":{"x":-1.1299999952316285,"y":0.2799999713897705,"z":-7.729999542236328},"rotation":{"x":0.21423284709453584,"y":0.02930179052054882,"z":-0.006428804248571396,"w":0.9763465523719788},"size":1.5434229373931885,"orthographic":false}