{"cameraMode":{"drawMode":0,"name":"Shaded","section":"Shading Mode"},"sceneLighting":true,"audioPlay":false,"sceneViewState":{"m_AlwaysRefresh":false,"showFog":true,"showSkybox":true,"showFlares":true,"showImageEffects":true,"showParticleSystems":true,"showVisualEffectGraphs":true,"m_FxEnabled":true},"in2DMode":false,"pivot":{"x":-2.270789623260498,"y":0.43911314010620119,"z":-7.511514663696289},"rotation":{"x":0.15234440565109254,"y":-0.028161706402897836,"z":0.004343862179666758,"w":0.9879358410835266},"size":2.096216917037964,"orthographic":false}